{
  "version": 1,
  "author": "Anonymous maker",
  "editor": "wokwi",
  "parts": [
    { "type": "wokwi-breadboard-mini", "id": "bb1", "top": -212.6, "left": 266.4, "attrs": {} },
    { "type": "wokwi-arduino-uno", "id": "uno", "top": -76.2, "left": 191.4, "attrs": {} },
    {
      "type": "wokwi-led",
      "id": "led1",
      "top": -214.8,
      "left": 320.6,
      "attrs": { "color": "red" }
    },
    {
      "type": "wokwi-resistor",
      "id": "r1",
      "top": -139.75,
      "left": 353.8,
      "rotate": 180,
      "attrs": { "value": "1000" }
    }
  ],
  "connections": [
    [ "led1:A", "r1:2", "green", [ "v0" ] ],
    [ "led1:C", "uno:GND.1", "green", [ "v0" ] ],
    [ "r1:1", "uno:2", "green", [ "v0" ] ],
    [ "led1:A", "bb1:8t.d", "", [ "$bb" ] ],
    [ "led1:C", "bb1:7t.d", "", [ "$bb" ] ],
    [ "r1:1", "bb1:15b.f", "", [ "$bb" ] ],
    [ "r1:2", "bb1:9b.f", "", [ "$bb" ] ]
  ],
  "dependencies": {}
}