{
  "version": 1,
  "author": "Anonymous maker",
  "editor": "wokwi",
  "parts": [
    { "type": "wokwi-breadboard-mini", "id": "bb1", "top": -126.2, "left": 122.4, "attrs": {} },
    { "type": "wokwi-arduino-uno", "id": "uno", "top": -28.2, "left": -211.8, "attrs": {} },
    { "type": "wokwi-dht22", "id": "dht1", "top": -230.1, "left": 157.8, "attrs": {} },
    {
      "type": "wokwi-lcd1602",
      "id": "lcd1",
      "top": 54.4,
      "left": 236,
      "attrs": { "pins": "i2c" }
    }
  ],
  "connections": [
    [ "dht1:VCC", "bb1:5t.a", "", [ "$bb" ] ],
    [ "dht1:SDA", "bb1:6t.a", "", [ "$bb" ] ],
    [ "dht1:NC", "bb1:7t.a", "", [ "$bb" ] ],
    [ "dht1:GND", "bb1:8t.a", "", [ "$bb" ] ],
    [ "dht1:VCC", "uno:5V", "white", [ "v0" ] ],
    [ "dht1:SDA", "uno:3", "blue", [ "v28.8", "h-115.1" ] ],
    [ "bb1:7t.a", "uno:11", "green", [ "v0" ] ],
    [ "dht1:GND", "uno:GND.2", "black", [ "v0" ] ],
    [ "lcd1:GND", "uno:GND.3", "black", [ "h0" ] ],
    [ "lcd1:VCC", "uno:5V", "red", [ "h0" ] ],
    [ "lcd1:SDA", "uno:A4", "green", [ "h0" ] ],
    [ "lcd1:SCL", "uno:A5", "green", [ "h0" ] ]
  ],
  "dependencies": {}
}