{
  "version": 1,
  "author": "Vitória",
  "editor": "wokwi",
  "parts": [
    { "type": "wokwi-breadboard-mini", "id": "bb1", "top": -97.4, "left": 93.6, "attrs": {} },
    { "type": "wokwi-arduino-uno", "id": "uno", "top": 77.4, "left": 37.8, "attrs": {} },
    {
      "type": "wokwi-led",
      "id": "led1",
      "top": -118.8,
      "left": 138.2,
      "attrs": { "color": "red" }
    },
    {
      "type": "wokwi-resistor",
      "id": "r1",
      "top": -63.25,
      "left": 172.8,
      "attrs": { "value": "1000" }
    }
  ],
  "connections": [
    [ "led1:A", "bb1:7t.b", "", [ "$bb" ] ],
    [ "led1:C", "bb1:6t.b", "", [ "$bb" ] ],
    [ "led1:A", "r1:1", "red", [ "v0" ] ],
    [ "r1:1", "bb1:8t.d", "", [ "$bb" ] ],
    [ "r1:2", "bb1:14t.d", "", [ "$bb" ] ],
    [ "led1:C", "uno:GND.1", "red", [ "v0" ] ],
    [ "r1:2", "uno:7", "red", [ "v0" ] ]
  ],
  "dependencies": {}
}