{
  "version": 1,
  "author": "Vitória",
  "editor": "wokwi",
  "parts": [
    { "type": "wokwi-breadboard-mini", "id": "bb1", "top": -97.4, "left": 93.6, "attrs": {} },
    { "type": "wokwi-breadboard-mini", "id": "bb2", "top": -97.4, "left": -79.2, "attrs": {} },
    { "type": "wokwi-arduino-uno", "id": "uno", "top": 77.4, "left": 37.8, "attrs": {} },
    {
      "type": "wokwi-led",
      "id": "led1",
      "top": -128.4,
      "left": 13.4,
      "attrs": { "color": "red" }
    },
    {
      "type": "wokwi-led",
      "id": "led2",
      "top": -128.4,
      "left": 51.8,
      "attrs": { "color": "blue" }
    },
    {
      "type": "wokwi-led",
      "id": "led3",
      "top": -128.4,
      "left": 109.4,
      "attrs": { "color": "white" }
    },
    {
      "type": "wokwi-led",
      "id": "led4",
      "top": -128.4,
      "left": 147.8,
      "attrs": { "color": "purple" }
    },
    {
      "type": "wokwi-led",
      "id": "led5",
      "top": -128.4,
      "left": 186.2,
      "attrs": { "color": "limegreen" }
    },
    {
      "type": "wokwi-led",
      "id": "led6",
      "top": -128.4,
      "left": 234.2,
      "attrs": { "color": "cyan" }
    },
    {
      "type": "wokwi-resistor",
      "id": "r1",
      "top": -43.2,
      "left": 9.05,
      "rotate": 90,
      "attrs": { "value": "1000" }
    },
    {
      "type": "wokwi-resistor",
      "id": "r2",
      "top": -43.2,
      "left": 47.45,
      "rotate": 90,
      "attrs": { "value": "1000" }
    },
    {
      "type": "wokwi-resistor",
      "id": "r3",
      "top": -43.2,
      "left": 105.05,
      "rotate": 90,
      "attrs": { "value": "1000" }
    },
    {
      "type": "wokwi-resistor",
      "id": "r4",
      "top": -43.2,
      "left": 143.45,
      "rotate": 90,
      "attrs": { "value": "1000" }
    },
    {
      "type": "wokwi-resistor",
      "id": "r5",
      "top": -43.2,
      "left": 181.85,
      "rotate": 90,
      "attrs": { "value": "1000" }
    },
    {
      "type": "wokwi-resistor",
      "id": "r6",
      "top": -43.2,
      "left": 229.85,
      "rotate": 90,
      "attrs": { "value": "1000" }
    },
    { "type": "wokwi-arduino-uno", "id": "uno1", "top": 77.4, "left": -240.6, "attrs": {} }
  ],
  "connections": [
    [ "r1:1", "bb2:12t.c", "", [ "$bb" ] ],
    [ "r1:2", "bb2:12b.g", "", [ "$bb" ] ],
    [ "r6:1", "bb1:17t.c", "", [ "$bb" ] ],
    [ "r6:2", "bb1:17b.g", "", [ "$bb" ] ],
    [ "r5:1", "bb1:12t.c", "", [ "$bb" ] ],
    [ "r5:2", "bb1:12b.g", "", [ "$bb" ] ],
    [ "r4:1", "bb1:8t.c", "", [ "$bb" ] ],
    [ "r4:2", "bb1:8b.g", "", [ "$bb" ] ],
    [ "r3:1", "bb1:4t.c", "", [ "$bb" ] ],
    [ "r3:2", "bb1:4b.g", "", [ "$bb" ] ],
    [ "r2:1", "bb2:16t.c", "", [ "$bb" ] ],
    [ "r2:2", "bb2:16b.g", "", [ "$bb" ] ],
    [ "led1:A", "bb2:12t.a", "", [ "$bb" ] ],
    [ "led1:C", "bb2:11t.a", "", [ "$bb" ] ],
    [ "led4:A", "bb1:8t.a", "", [ "$bb" ] ],
    [ "led4:C", "bb1:7t.a", "", [ "$bb" ] ],
    [ "led5:A", "bb1:12t.a", "", [ "$bb" ] ],
    [ "led5:C", "bb1:11t.a", "", [ "$bb" ] ],
    [ "led6:A", "bb1:17t.a", "", [ "$bb" ] ],
    [ "led6:C", "bb1:16t.a", "", [ "$bb" ] ],
    [ "led3:A", "bb1:4t.a", "", [ "$bb" ] ],
    [ "led3:C", "bb1:3t.a", "", [ "$bb" ] ],
    [ "led2:A", "bb2:16t.a", "", [ "$bb" ] ],
    [ "led2:C", "bb2:15t.a", "", [ "$bb" ] ],
    [ "led1:A", "r1:1", "green", [ "v0" ] ],
    [ "led2:A", "r2:1", "green", [ "v0" ] ],
    [ "led3:A", "r3:1", "green", [ "v0" ] ],
    [ "led4:A", "r4:1", "green", [ "v0" ] ],
    [ "led5:A", "r5:1", "green", [ "v0" ] ],
    [ "uno:2", "r6:2", "green", [ "v0" ] ],
    [ "r6:1", "led6:A", "green", [ "h0" ] ],
    [ "r5:2", "uno:7", "green", [ "h0" ] ],
    [ "r4:2", "uno:4", "green", [ "h0" ] ],
    [ "r3:2", "uno:6", "green", [ "h0" ] ],
    [ "r2:2", "uno:5", "green", [ "h0" ] ],
    [ "r1:2", "uno:3", "green", [ "h0" ] ],
    [ "led1:C", "uno1:GND.1", "green", [ "v0" ] ],
    [ "led2:C", "uno1:GND.2", "green", [ "v0" ] ],
    [ "led3:C", "uno1:GND.3", "green", [ "v0" ] ],
    [ "led4:C", "uno:GND.2", "green", [ "v0" ] ],
    [ "led5:C", "uno:GND.3", "green", [ "v0" ] ],
    [ "led6:C", "uno:GND.1", "green", [ "v0" ] ]
  ],
  "dependencies": {}
}